{ "multipart":[{"when":{"down":false,"east":false,"north":false,"south":false,"up":false,"west":true},"apply":{"model":"minecraft:block/blocks/enderite_ore"}}, {"when":{"down":false,"east":false,"north":false,"south":false,"up":true,"west":false},"apply":{"model":"minecraft:block/blocks/enderite_block"}}, {"when":{"down":false,"east":false,"north":false,"south":false,"up":true,"west":true},"apply":{"model":"minecraft:block/blocks/discordium_ore"}}, {"when":{"down":false,"east":false,"north":false,"south":true,"up":false,"west":false},"apply":{"model":"minecraft:block/blocks/discordium_block"}}, {"when":{"down":false,"east":false,"north":false,"south":true,"up":false,"west":true},"apply":{"model":"minecraft:block/blocks/blazite_ore"}}, {"when":{"down":false,"east":false,"north":false,"south":true,"up":true,"west":false},"apply":{"model":"minecraft:block/blocks/blazite_block"}}, {"when":{"down":false,"east":false,"north":false,"south":true,"up":true,"west":true},"apply":{"model":"minecraft:block/blocks/ardite_ore"}}, {"when":{"down":false,"east":false,"north":true,"south":false,"up":false,"west":false},"apply":{"model":"minecraft:block/blocks/ardite_block"}}, {"when":{"down":false,"east":false,"north":true,"south":false,"up":false,"west":true},"apply":{"model":"minecraft:block/blocks/cobalt_ore"}}, {"when":{"down":false,"east":false,"north":true,"south":false,"up":true,"west":false},"apply":{"model":"minecraft:block/blocks/cobalt_block"}}, {"when":{"down":false,"east":false,"north":true,"south":false,"up":true,"west":true},"apply":{"model":"minecraft:block/blocks/manyullyn_block"}}, {"when":{"down":false,"east":false,"north":true,"south":true,"up":false,"west":false},"apply":{"model":"minecraft:block/blocks/chaos_ore"}}, {"when":{"down":false,"east":false,"north":true,"south":true,"up":false,"west":true},"apply":{"model":"minecraft:block/blocks/chaos_block"}}, {"when":{"down":false,"east":false,"north":true,"south":true,"up":true,"west":false},"apply":{"model":"minecraft:block/blocks/chaos_nylium"}}, {"when":{"down":false,"east":false,"north":true,"south":true,"up":true,"west":true},"apply":{"model":"minecraft:block/blocks/chaos_log"}}, {"when":{"down":false,"east":true,"north":false,"south":false,"up":false,"west":false},"apply":{"model":"minecraft:block/blocks/chaos_planks"}}, {"when":{"down":false,"east":true,"north":false,"south":false,"up":false,"west":true},"apply":{"model":"minecraft:block/blocks/infinity_block"}}, {"when":{"down":false,"east":true,"north":false,"south":false,"up":true,"west":false},"apply":{"model":"minecraft:block/blocks/netherstar_block"}}, {"when":{"down":false,"east":true,"north":true,"south":true,"up":false,"west":true},"apply":{"model":"minecraft:block/blocks/mushroom_stem"}}, {"when":{"down":false,"east":false,"north":false,"south":false,"up":false,"west":false},"apply":{"model":"minecraft:block/blocks/mushroom_stem_side_empty"}}, {"when":{"down":true,"east":true,"north":true,"south":true,"up":true,"west":true},"apply":{"model":"minecraft:block/blocks/mushroom_stem_side_full"}} ] }