{ "parent": "item/template_skull", "textures": { "layer0": "item/player_head" }, "overrides": [ {"predicate": {"custom_model_data":666}, "model": "item/items/infinity_block"}, {"predicate": {"custom_model_data":2000}, "model": "item/items/enderite_ore"}, {"predicate": {"custom_model_data":2001}, "model": "item/items/enderite_block"}, {"predicate": {"custom_model_data":2002}, "model": "item/items/discordium_ore"}, {"predicate": {"custom_model_data":2003}, "model": "item/items/discordium_block"}, {"predicate": {"custom_model_data":2004}, "model": "item/items/blazite_ore"}, {"predicate": {"custom_model_data":2005}, "model": "item/items/blazite_block"}, {"predicate": {"custom_model_data":2006}, "model": "item/items/ardite_ore"}, {"predicate": {"custom_model_data":2007}, "model": "item/items/ardite_block"}, {"predicate": {"custom_model_data":2008}, "model": "item/items/cobalt_ore"}, {"predicate": {"custom_model_data":2009}, "model": "item/items/cobalt_block"}, {"predicate": {"custom_model_data":2010}, "model": "item/items/manyullyn_block"}, {"predicate": {"custom_model_data":2011}, "model": "item/items/chaos_ore"}, {"predicate": {"custom_model_data":2012}, "model": "item/items/chaos_block"}, {"predicate": {"custom_model_data":2013}, "model": "item/items/chaos_nylium"}, {"predicate": {"custom_model_data":2014}, "model": "item/items/chaos_log"}, {"predicate": {"custom_model_data":2015}, "model": "item/items/chaos_planks"}, {"predicate": {"custom_model_data":2016}, "model": "item/items/netherstar_block"} ] }